0000,1,홍길동,대리,null,hong@test.com,010-1234-4567,2020-04-29
0001,1,김유신,과장,null,kim@test.com,010-3636-1245,2020-04-29
9319,1,유관순,부사장,null,you@test.com,010-9696-1114,2020-04-292191,1,null,null,null,null
9747,1,null,null,null,null
8426,1,null,null,null,null
4136,1,null,null,null,null
7972,1,null,null,null,null
3943,1,null,null,null,null
3913,1,null,null,null,null
1167,1,null,null,null,null
4170,1,null,null,null,null
9184,1,null,null,null,null
8757,1,null,null,null,null
4825,1,null,null,null,null
8751,1,null,null,null,null
2411,1,null,null,null,null
7675,1,null,null,null,null
2397,1,null,null,null,null
1248,1,null,null,null,null
6299,1,null,null,null,null
9856,1,null,null,null,null
9005,1,null,null,null,null
0273,1,null,null,null,null
